n,distribution,algorithm,repetitions,mean_ms,min_ms,max_ms
100,random,Deterministic,3,0.0726,0.0509,0.0933
100,random,Randomized,3,0.0878,0.0835,0.0948
100,sorted,Deterministic,3,0.1362,0.1355,0.1372
100,sorted,Randomized,3,0.0885,0.0773,0.1022
100,reverse,Deterministic,3,0.2192,0.2187,0.2201
100,reverse,Randomized,3,0.0858,0.0724,0.1126
100,repeated,Deterministic,3,0.309,0.2971,0.3325
100,repeated,Randomized,3,0.3507,0.3374,0.3772
500,random,Deterministic,3,0.4086,0.34,0.4855
500,random,Randomized,3,0.5177,0.4825,0.5651
500,sorted,Deterministic,3,3.6715,3.5559,3.8544
500,sorted,Randomized,3,0.4836,0.4336,0.5563
500,reverse,Deterministic,3,5.8608,5.6788,5.9751
500,reverse,Randomized,3,0.4803,0.4587,0.5125
500,repeated,Deterministic,3,7.6333,7.1458,8.3735
500,repeated,Randomized,3,7.8139,7.364,8.1169
1000,random,Deterministic,3,0.8547,0.8339,0.8667
1000,random,Randomized,3,1.069,1.007,1.1113
1000,sorted,Deterministic,3,15.4628,15.314,15.5816
1000,sorted,Randomized,3,1.0663,1.0342,1.1058
1000,reverse,Deterministic,3,27.0727,24.8242,30.017
1000,reverse,Randomized,3,1.2574,1.1087,1.3439
1000,repeated,Deterministic,3,34.6181,33.7965,35.1397
1000,repeated,Randomized,3,33.5027,32.7646,34.8659
